run_number,megabytes_per_second
1,6801.368734206455
2,6830.152973864037
