{
	"start":	{
		"connected":	[{
				"socket":	5,
				"local_host":	"192.168.65.9",
				"local_port":	5201,
				"remote_host":	"192.168.65.9",
				"remote_port":	58270
			}],
		"version":	"iperf 3.12",
		"system_info":	"Linux receiver 6.6.32-linuxkit #1 SMP PREEMPT_DYNAMIC Thu Jun 13 14:14:43 UTC 2024 x86_64",
		"sock_bufsize":	0,
		"sndbuf_actual":	16384,
		"rcvbuf_actual":	131072,
		"timestamp":	{
			"time":	"Fri, 27 Jun 2025 23:49:24 GMT",
			"timesecs":	1751068164
		},
		"accepted_connection":	{
			"host":	"192.168.65.9",
			"port":	58268
		},
		"cookie":	"xuosf3z3qn5nq5sttl2wzlm2ios2aoethwiz",
		"tcp_mss_default":	0,
		"target_bitrate":	0,
		"test_start":	{
			"protocol":	"TCP",
			"num_streams":	1,
			"blksize":	131072,
			"omit":	0,
			"duration":	10,
			"bytes":	0,
			"blocks":	0,
			"reverse":	0,
			"tos":	0,
			"target_bitrate":	0
		}
	},
	"intervals":	[{
			"streams":	[{
					"socket":	5,
					"start":	0,
					"end":	1.000012,
					"seconds":	1.0000120401382446,
					"bytes":	6539902923,
					"bits_per_second":	52318593460.90197,
					"omitted":	false,
					"sender":	false
				}],
			"sum":	{
				"start":	0,
				"end":	1.000012,
				"seconds":	1.0000120401382446,
				"bytes":	6539902923,
				"bits_per_second":	52318593460.90197,
				"omitted":	false,
				"sender":	false
			}
		}, {
			"streams":	[{
					"socket":	5,
					"start":	1.000012,
					"end":	2.000017,
					"seconds":	1.0000050067901611,
					"bytes":	6884687872,
					"bits_per_second":	55077227215.880676,
					"omitted":	false,
					"sender":	false
				}],
			"sum":	{
				"start":	1.000012,
				"end":	2.000017,
				"seconds":	1.0000050067901611,
				"bytes":	6884687872,
				"bits_per_second":	55077227215.880676,
				"omitted":	false,
				"sender":	false
			}
		}, {
			"streams":	[{
					"socket":	5,
					"start":	2.000017,
					"end":	3.000009,
					"seconds":	0.9999920129776,
					"bytes":	6841434112,
					"bits_per_second":	54731910040.991486,
					"omitted":	false,
					"sender":	false
				}],
			"sum":	{
				"start":	2.000017,
				"end":	3.000009,
				"seconds":	0.9999920129776,
				"bytes":	6841434112,
				"bits_per_second":	54731910040.991486,
				"omitted":	false,
				"sender":	false
			}
		}, {
			"streams":	[{
					"socket":	5,
					"start":	3.000009,
					"end":	4.000017,
					"seconds":	1.0000079870224,
					"bytes":	6884556800,
					"bits_per_second":	55076014506.638435,
					"omitted":	false,
					"sender":	false
				}],
			"sum":	{
				"start":	3.000009,
				"end":	4.000017,
				"seconds":	1.0000079870224,
				"bytes":	6884556800,
				"bits_per_second":	55076014506.638435,
				"omitted":	false,
				"sender":	false
			}
		}, {
			"streams":	[{
					"socket":	5,
					"start":	4.000017,
					"end":	5.000014,
					"seconds":	0.99999701976776123,
					"bytes":	6702628864,
					"bits_per_second":	53621190715.60125,
					"omitted":	false,
					"sender":	false
				}],
			"sum":	{
				"start":	4.000017,
				"end":	5.000014,
				"seconds":	0.99999701976776123,
				"bytes":	6702628864,
				"bits_per_second":	53621190715.60125,
				"omitted":	false,
				"sender":	false
			}
		}, {
			"streams":	[{
					"socket":	5,
					"start":	5.000014,
					"end":	6.000025,
					"seconds":	1.0000109672546387,
					"bytes":	6759776256,
					"bits_per_second":	54077616965.0045,
					"omitted":	false,
					"sender":	false
				}],
			"sum":	{
				"start":	5.000014,
				"end":	6.000025,
				"seconds":	1.0000109672546387,
				"bytes":	6759776256,
				"bits_per_second":	54077616965.0045,
				"omitted":	false,
				"sender":	false
			}
		}, {
			"streams":	[{
					"socket":	5,
					"start":	6.000025,
					"end":	7.00001,
					"seconds":	0.9999849796295166,
					"bytes":	7229669376,
					"bits_per_second":	57838223759.548973,
					"omitted":	false,
					"sender":	false
				}],
			"sum":	{
				"start":	6.000025,
				"end":	7.00001,
				"seconds":	0.9999849796295166,
				"bytes":	7229669376,
				"bits_per_second":	57838223759.548973,
				"omitted":	false,
				"sender":	false
			}
		}, {
			"streams":	[{
					"socket":	5,
					"start":	7.00001,
					"end":	8.000087,
					"seconds":	1.00007700920105,
					"bytes":	6734348288,
					"bits_per_second":	53870637769.225349,
					"omitted":	false,
					"sender":	false
				}],
			"sum":	{
				"start":	7.00001,
				"end":	8.000087,
				"seconds":	1.00007700920105,
				"bytes":	6734348288,
				"bits_per_second":	53870637769.225349,
				"omitted":	false,
				"sender":	false
			}
		}, {
			"streams":	[{
					"socket":	5,
					"start":	8.000087,
					"end":	9.000025,
					"seconds":	0.99993801116943359,
					"bytes":	6603997237,
					"bits_per_second":	52835253091.551826,
					"omitted":	false,
					"sender":	false
				}],
			"sum":	{
				"start":	8.000087,
				"end":	9.000025,
				"seconds":	0.99993801116943359,
				"bytes":	6603997237,
				"bits_per_second":	52835253091.551826,
				"omitted":	false,
				"sender":	false
			}
		}, {
			"streams":	[{
					"socket":	5,
					"start":	9.000025,
					"end":	10.00002,
					"seconds":	0.999994993209839,
					"bytes":	6832914432,
					"bits_per_second":	54663589145.1203,
					"omitted":	false,
					"sender":	false
				}],
			"sum":	{
				"start":	9.000025,
				"end":	10.00002,
				"seconds":	0.999994993209839,
				"bytes":	6832914432,
				"bits_per_second":	54663589145.1203,
				"omitted":	false,
				"sender":	false
			}
		}, {
			"streams":	[{
					"socket":	5,
					"start":	10.00002,
					"end":	10.00013,
					"seconds":	0.00011000000085914508,
					"bytes":	655360,
					"bits_per_second":	47662545082.281448,
					"omitted":	false,
					"sender":	false
				}],
			"sum":	{
				"start":	10.00002,
				"end":	10.00013,
				"seconds":	0.00011000000085914508,
				"bytes":	655360,
				"bits_per_second":	47662545082.281448,
				"omitted":	false,
				"sender":	false
			}
		}],
	"end":	{
		"streams":	[{
				"sender":	{
					"socket":	5,
					"start":	0,
					"end":	10.00013,
					"seconds":	10.00013,
					"bytes":	0,
					"bits_per_second":	0,
					"sender":	false
				},
				"receiver":	{
					"socket":	5,
					"start":	0,
					"end":	10.00013,
					"seconds":	10.00013,
					"bytes":	68014571520,
					"bits_per_second":	54410949873.651642,
					"sender":	false
				}
			}],
		"sum_sent":	{
			"start":	0,
			"end":	10.00013,
			"seconds":	10.00013,
			"bytes":	0,
			"bits_per_second":	0,
			"sender":	false
		},
		"sum_received":	{
			"start":	0,
			"end":	10.00013,
			"seconds":	10.00013,
			"bytes":	68014571520,
			"bits_per_second":	54410949873.651642,
			"sender":	false
		},
		"cpu_utilization_percent":	{
			"host_total":	83.827717732549331,
			"host_user":	5.41658037626847,
			"host_system":	78.411127356427855,
			"remote_total":	0,
			"remote_user":	0,
			"remote_system":	0
		},
		"receiver_tcp_congestion":	"cubic"
	}
}
